<?xml version="1.0" encoding="UTF-8"?>
<window type="dialog">
    <defaultcontrol>1</defaultcontrol>
    <coordinates>
        <system>1</system>
    </coordinates>
    <controls>
        <control type="group">
            <animation effect="fade" start="0" end="100" time="200">WindowOpen</animation>
            <animation effect="fade" start="100" end="0" time="200">WindowClose</animation>

            <control type="image">
                <posx>1015</posx>
                <posy>595</posy>
                <width>210</width>
                <height>60</height>
                <texture colordiffuse="CC000000">DialogBackground.png</texture>
            </control>

            <control type="button" id="1">
                <description>Skip Intro button</description>
                <posx>1020</posx>
                <posy>600</posy>
                <width>200</width>
                <height>50</height>
                <label>Skip Intro</label>
                <font>font13</font>
                <textcolor>FFFFFFFF</textcolor>
                <focusedcolor>FF12B2E7</focusedcolor>
                <texturefocus colordiffuse="FF12B2E7">DialogBackground.png</texturefocus>
                <texturenofocus colordiffuse="80000000">DialogBackground.png</texturenofocus>
                <align>center</align>
                <aligny>center</aligny>
            </control>
        </control>
    </controls>
</window>