<?xml version="1.0" encoding="UTF-8" standalone="yes"?>
<addon id="repository.reef" name="Reef's Repository" version="1.0" provider-name="RanJef">
    <extension point="xbmc.addon.repository" name="Reef's Repository">
        <dir>
            <info compressed="false">https://raw.githubusercontent.com/ranjef420/repository.reef/master/repo/zips/addons.xml</info>
            <checksum>https://raw.githubusercontent.com/ranjef420/repository.reef/master/repo/zips/addons.xml.md5</checksum>
            <datadir zip="true">https://raw.githubusercontent.com/ranjef420/repository.reef/master/repo/zips/</datadir>
        </dir>
    </extension>
    <extension point="xbmc.addon.metadata">
        <summary>Reef's Repository</summary>
        <description>Repository for Kodi projects</description>
        <disclaimer></disclaimer>
        <platform>all</platform>
        <assets>
            <icon>icon.png</icon>
            <fanart>fanart.jpg</fanart>
        </assets>
    </extension>
</addon>
